[
  {
    "brand": "华为",
    "title": "华为nova 3（全网通） ",
    "price": 2699,
    "score": 6.7,
    "voteCnt": 65,
    "url": "http://detail.zol.com.cn/cell_phone/index1185512.shtml",
    "pid": "1185512"
  },
  {
    "brand": "华为",
    "title": "华为P20 Pro（6GB RAM/全网通） ",
    "price": 4488,
    "score": 8.3,
    "voteCnt": 103,
    "url": "http://detail.zol.com.cn/cell_phone/index1207038.shtml",
    "pid": "1207038"
  },
  {
    "brand": "华为",
    "title": "华为P20（全网通） ",
    "price": 3388,
    "score": 8.4,
    "voteCnt": 127,
    "url": "http://detail.zol.com.cn/cell_phone/index1175779.shtml",
    "pid": "1175779"
  },
  {
    "brand": "华为",
    "title": "华为nova 3i（4GB RAM/全网通） ",
    "price": 1999,
    "score": 7,
    "voteCnt": 9,
    "url": "http://detail.zol.com.cn/cell_phone/index1222100.shtml",
    "pid": "1222100"
  },
  {
    "brand": "华为",
    "title": "华为Mate 10（4GB RAM/全网通） ",
    "price": 3399,
    "score": 8.3,
    "voteCnt": 125,
    "url": "http://detail.zol.com.cn/cell_phone/index1165672.shtml",
    "pid": "1165672"
  },
  {
    "brand": "华为",
    "title": "华为nova 3e（全网通） ",
    "price": 1999,
    "score": 8.8,
    "voteCnt": 71,
    "url": "http://detail.zol.com.cn/cell_phone/index1207608.shtml",
    "pid": "1207608"
  },
  {
    "brand": "华为",
    "title": "华为nova 2s（4GB RAM/全网通） ",
    "price": 2399,
    "score": 7.5,
    "voteCnt": 97,
    "url": "http://detail.zol.com.cn/cell_phone/index1204363.shtml",
    "pid": "1204363"
  },
  {
    "brand": "华为",
    "title": "华为Mate 10 Pro（全网通） ",
    "price": 3599,
    "score": 8.7,
    "voteCnt": 92,
    "url": "http://detail.zol.com.cn/cell_phone/index1181128.shtml",
    "pid": "1181128"
  },
  {
    "brand": "华为",
    "title": "华为畅享8（3GB RAM/全网通） ",
    "price": 1099,
    "score": 5.3,
    "voteCnt": 28,
    "url": "http://detail.zol.com.cn/cell_phone/index1208286.shtml",
    "pid": "1208286"
  },
  {
    "brand": "华为",
    "title": "华为P10（VTR-AL00/全网通） ",
    "price": 3488,
    "score": 7.2,
    "voteCnt": 395,
    "url": "http://detail.zol.com.cn/cell_phone/index1160028.shtml",
    "pid": "1160028"
  },
  {
    "brand": "华为",
    "title": "华为畅享8 Plus（全网通） ",
    "price": 1499,
    "score": 5.8,
    "voteCnt": 11,
    "url": "http://detail.zol.com.cn/cell_phone/index1210102.shtml",
    "pid": "1210102"
  },
  {
    "brand": "华为",
    "title": "华为麦芒7（全网通） ",
    "price": 2399,
    "score": 7.6,
    "voteCnt": 5,
    "url": "http://detail.zol.com.cn/cell_phone/index1227167.shtml",
    "pid": "1227167"
  },
  {
    "brand": "华为",
    "title": "华为Mate 9（MHA-AL00/4GB RAM/全网通） ",
    "price": 1788,
    "score": 7.8,
    "voteCnt": 449,
    "url": "http://detail.zol.com.cn/cell_phone/index1143413.shtml",
    "pid": "1143413"
  },
  {
    "brand": "华为",
    "title": "华为nova 3i（6GB RAM/全网通） ",
    "price": 2199,
    "score": 7,
    "voteCnt": 9,
    "url": "http://detail.zol.com.cn/cell_phone/index1224424.shtml",
    "pid": "1224424"
  },
  {
    "brand": "华为",
    "title": "华为Mate RS保时捷版（全网通） ",
    "price": 9999,
    "score": 6.1,
    "voteCnt": 16,
    "url": "http://detail.zol.com.cn/cell_phone/index1210089.shtml",
    "pid": "1210089"
  },
  {
    "brand": "华为",
    "title": "华为nova 2（PIC-AL00/全网通） ",
    "price": 1228,
    "score": 8,
    "voteCnt": 209,
    "url": "http://detail.zol.com.cn/cell_phone/index1170042.shtml",
    "pid": "1170042"
  },
  {
    "brand": "华为",
    "title": "华为麦芒6（全网通） ",
    "price": 2199,
    "score": 6.1,
    "voteCnt": 57,
    "url": "http://detail.zol.com.cn/cell_phone/index1182274.shtml",
    "pid": "1182274"
  },
  {
    "brand": "华为",
    "title": "华为P9（EVA-AL00/标准版/全网通） ",
    "price": 1448,
    "score": 7.8,
    "voteCnt": 648,
    "url": "http://detail.zol.com.cn/cell_phone/index404275.shtml",
    "pid": "404275"
  },
  {
    "brand": "华为",
    "title": "华为nova（CAZ-AL10/高配版/全网通） ",
    "price": 988,
    "score": 6.9,
    "voteCnt": 198,
    "url": "http://detail.zol.com.cn/cell_phone/index1154505.shtml",
    "pid": "1154505"
  },
  {
    "brand": "华为",
    "title": "华为畅享8e（全网通） ",
    "price": 999,
    "score": 4.8,
    "voteCnt": 4,
    "url": "http://detail.zol.com.cn/cell_phone/index1210103.shtml",
    "pid": "1210103"
  },
  {
    "brand": "华为",
    "title": "华为麦芒5（MLA-AL10/高配版/全网通） ",
    "price": 1099,
    "score": 6.8,
    "voteCnt": 136,
    "url": "http://detail.zol.com.cn/cell_phone/index1148829.shtml",
    "pid": "1148829"
  },
  {
    "brand": "华为",
    "title": "华为P10 Plus（VKY-AL00/6GB RAM全网通） ",
    "price": 2488,
    "score": 7.5,
    "voteCnt": 186,
    "url": "http://detail.zol.com.cn/cell_phone/index1163813.shtml",
    "pid": "1163813"
  },
  {
    "brand": "华为",
    "title": "华为Mate 9 Pro（4GB RAM/全网通） ",
    "price": 2799,
    "score": 8,
    "voteCnt": 136,
    "url": "http://detail.zol.com.cn/cell_phone/index1159578.shtml",
    "pid": "1159578"
  },  {
    "brand": "vivo",
    "title": "vivo X7 Plus（全网通） ",
    "price": 2350,
    "score": 8.2,
    "voteCnt": 484,
    "url": "http://detail.zol.com.cn/cell_phone/index1147812.shtml",
    "pid": "1147812"
  },
  {
    "brand": "vivo",
    "title": "vivo X9s Plus（全网通） ",
    "price": 2498,
    "score": 7.4,
    "voteCnt": 523,
    "url": "http://detail.zol.com.cn/cell_phone/index1170837.shtml",
    "pid": "1170837"
  },
  {
    "brand": "vivo",
    "title": "vivo Y51A（高配版/全网通） ",
    "price": 998,
    "score": 6.6,
    "voteCnt": 306,
    "url": "http://detail.zol.com.cn/cell_phone/index1115625.shtml",
    "pid": "1115625"
  },
  {
    "brand": "vivo",
    "title": "vivo X7（全网通） ",
    "price": 1799,
    "score": 7.7,
    "voteCnt": 736,
    "url": "http://detail.zol.com.cn/cell_phone/index1145877.shtml",
    "pid": "1145877"
  },
  {
    "brand": "vivo",
    "title": "vivo X9s（全网通） ",
    "price": 1998,
    "score": 8.9,
    "voteCnt": 563,
    "url": "http://detail.zol.com.cn/cell_phone/index1174429.shtml",
    "pid": "1174429"
  },
  {
    "brand": "vivo",
    "title": "vivo Y66i（全网通） ",
    "price": 1198,
    "score": 6.3,
    "voteCnt": 161,
    "url": "http://detail.zol.com.cn/cell_phone/index1204388.shtml",
    "pid": "1204388"
  },
  {
    "brand": "vivo",
    "title": "vivo X9s  L（移动全网通） ",
    "price": 1998,
    "score": 8.9,
    "voteCnt": 563,
    "url": "http://detail.zol.com.cn/cell_phone/index1175257.shtml",
    "pid": "1175257"
  },
  {
    "brand": "vivo",
    "title": "vivo X9L（移动全网通）  ",
    "price": 1998,
    "score": 8.5,
    "voteCnt": 1362,
    "url": "http://detail.zol.com.cn/cell_phone/index1170124.shtml",
    "pid": "1170124"
  },
  {
    "brand": "vivo",
    "title": "vivo X20Plus屏幕指纹版（全网通） ",
    "price": 3598,
    "score": 6.2,
    "voteCnt": 17,
    "url": "http://detail.zol.com.cn/cell_phone/index1205808.shtml",
    "pid": "1205808"
  },
  {
    "brand": "vivo",
    "title": "vivo Y75（4GB RAM/全网通） ",
    "price": 1098,
    "score": 7.5,
    "voteCnt": 27,
    "url": "http://detail.zol.com.cn/cell_phone/index1208237.shtml",
    "pid": "1208237"
  },
  {
    "brand": "vivo",
    "title": "vivo X20（旗舰版/全网通） ",
    "price": 2598,
    "score": 9.1,
    "voteCnt": 1075,
    "url": "http://detail.zol.com.cn/cell_phone/index1184293.shtml",
    "pid": "1184293"
  },
  {
    "brand": "vivo",
    "title": "vivo Y55（全网通） ",
    "price": 999,
    "score": 6.4,
    "voteCnt": 126,
    "url": "http://detail.zol.com.cn/cell_phone/index1156093.shtml",
    "pid": "1156093"
  },
  {
    "brand": "vivo",
    "title": "vivo Y75（3GB RAM/全网通） ",
    "price": 1298,
    "score": 7.5,
    "voteCnt": 27,
    "url": "http://detail.zol.com.cn/cell_phone/index1185212.shtml",
    "pid": "1185212"
  },
  {
    "brand": "vivo",
    "title": "vivo Xplay6（全网通） ",
    "price": 3498,
    "score": 8.7,
    "voteCnt": 691,
    "url": "http://detail.zol.com.cn/cell_phone/index1159623.shtml",
    "pid": "1159623"
  },
  {
    "brand": "OPPO",
    "title": "OPPO R17（8GB RAM/全网通） ",
    "price": 3499,
    "score": 9.5,
    "voteCnt": 173,
    "url": "http://detail.zol.com.cn/cell_phone/index1225806.shtml",
    "pid": "1225806"
  },
  {
    "brand": "OPPO",
    "title": "OPPO Find X（标准版/全网通） ",
    "price": 4999,
    "score": 9.5,
    "voteCnt": 774,
    "url": "http://detail.zol.com.cn/cell_phone/index1213467.shtml",
    "pid": "1213467"
  },
  {
    "brand": "OPPO",
    "title": "OPPO R15（6GB RAM/全网通） ",
    "price": 2699,
    "score": 9.2,
    "voteCnt": 1055,
    "url": "http://detail.zol.com.cn/cell_phone/index1206990.shtml",
    "pid": "1206990"
  },
  {
    "brand": "OPPO",
    "title": "OPPO A3（全网通） ",
    "price": 1799,
    "score": 8.9,
    "voteCnt": 366,
    "url": "http://detail.zol.com.cn/cell_phone/index1211599.shtml",
    "pid": "1211599"
  },
  {
    "brand": "OPPO",
    "title": "OPPO A5（全网通） ",
    "price": 1500,
    "score": 8.7,
    "voteCnt": 357,
    "url": "http://detail.zol.com.cn/cell_phone/index1221126.shtml",
    "pid": "1221126"
  },
  {
    "brand": "OPPO",
    "title": "OPPO R11（标准版/全网通） ",
    "price": 1553,
    "score": 9.1,
    "voteCnt": 1346,
    "url": "http://detail.zol.com.cn/cell_phone/index1150077.shtml",
    "pid": "1150077"
  },
  {
    "brand": "OPPO",
    "title": "OPPO A1（3GB RAM/全网通） ",
    "price": 1000,
    "score": 7.4,
    "voteCnt": 86,
    "url": "http://detail.zol.com.cn/cell_phone/index1209829.shtml",
    "pid": "1209829"
  },
  {
    "brand": "OPPO",
    "title": "OPPO Find X兰博基尼版（全网通） ",
    "price": 9999,
    "score": 9.7,
    "voteCnt": 89,
    "url": "http://detail.zol.com.cn/cell_phone/index1220645.shtml",
    "pid": "1220645"
  },
  {
    "brand": "OPPO",
    "title": "OPPO R17 Pro（全网通） ",
    "price": 4299,
    "score": 9.4,
    "voteCnt": 91,
    "url": "http://detail.zol.com.cn/cell_phone/index1225826.shtml",
    "pid": "1225826"
  },
  {
    "brand": "OPPO",
    "title": "OPPO A7x（全网通） ",
    "price": 1999,
    "score": 8.7,
    "voteCnt": 48,
    "url": "http://detail.zol.com.cn/cell_phone/index1230724.shtml",
    "pid": "1230724"
  },
  {
    "brand": "OPPO",
    "title": "OPPO R11s（4GB RAM/全网通） ",
    "price": 2299,
    "score": 9.2,
    "voteCnt": 1310,
    "url": "http://detail.zol.com.cn/cell_phone/index1184068.shtml",
    "pid": "1184068"
  },
  {
    "brand": "OPPO",
    "title": "OPPO A83 (全网通) ",
    "price": 1199,
    "score": 5.8,
    "voteCnt": 38,
    "url": "http://detail.zol.com.cn/cell_phone/index1205003.shtml",
    "pid": "1205003"
  },
  {
    "brand": "OPPO",
    "title": "OPPO A57（全网通） ",
    "price": 799,
    "score": 7.6,
    "voteCnt": 577,
    "url": "http://detail.zol.com.cn/cell_phone/index1160598.shtml",
    "pid": "1160598"
  },
  {
    "brand": "OPPO",
    "title": "OPPO A73（全网通） ",
    "price": 1499,
    "score": 8.4,
    "voteCnt": 380,
    "url": "http://detail.zol.com.cn/cell_phone/index1205054.shtml",
    "pid": "1205054"
  },
  {
    "brand": "OPPO",
    "title": "OPPO R17（雾光渐变色/8GB RAM/全网通） ",
    "price": 3599,
    "score": 9.5,
    "voteCnt": 171,
    "url": "http://detail.zol.com.cn/cell_phone/index1229193.shtml",
    "pid": "1229193"
  },
  {
    "brand": "OPPO",
    "title": "OPPO R11s Plus（全网通） ",
    "price": 1899,
    "score": 9,
    "voteCnt": 669,
    "url": "http://detail.zol.com.cn/cell_phone/index1184231.shtml",
    "pid": "1184231"
  },
  {
    "brand": "OPPO",
    "title": "OPPO R15梦镜版（梦境红/全网通） ",
    "price": 2999,
    "score": 9.2,
    "voteCnt": 1032,
    "url": "http://detail.zol.com.cn/cell_phone/index1208720.shtml",
    "pid": "1208720"
  },
  {
    "brand": "OPPO",
    "title": "OPPO R17（6GB RAM/全网通） ",
    "price": 3199,
    "score": 9.5,
    "voteCnt": 171,
    "url": "http://detail.zol.com.cn/cell_phone/index1229159.shtml",
    "pid": "1229159"
  },
  {
    "brand": "OPPO",
    "title": "OPPO R11 Plus（全网通） ",
    "price": 1788,
    "score": 9.2,
    "voteCnt": 546,
    "url": "http://detail.zol.com.cn/cell_phone/index1170222.shtml",
    "pid": "1170222"
  },
  {
    "brand": "OPPO",
    "title": "OPPO R15梦镜版（陶瓷黑/梦境紫/全网通） ",
    "price": 3299,
    "score": 9.2,
    "voteCnt": 1032,
    "url": "http://detail.zol.com.cn/cell_phone/index1210656.shtml",
    "pid": "1210656"
  },
  {
    "brand": "OPPO",
    "title": "OPPO A79（全网通） ",
    "price": 1699,
    "score": 8.7,
    "voteCnt": 339,
    "url": "http://detail.zol.com.cn/cell_phone/index1203640.shtml",
    "pid": "1203640"
  },
  {
    "brand": "小米",
    "title": "小米8（6GB RAM/全网通） ",
    "price": 2599,
    "score": 5.1,
    "voteCnt": 308,
    "url": "http://detail.zol.com.cn/cell_phone/index1213787.shtml",
    "pid": "1213787"
  },
  {
    "brand": "小米",
    "title": "小米6X（4GB RAM/全网通） ",
    "price": 1349,
    "score": 5.3,
    "voteCnt": 106,
    "url": "http://detail.zol.com.cn/cell_phone/index1170480.shtml",
    "pid": "1170480"
  },
  {
    "brand": "小米",
    "title": "小米8 SE（4GB RAM/全网通） ",
    "price": 1699,
    "score": 5.3,
    "voteCnt": 76,
    "url": "http://detail.zol.com.cn/cell_phone/index1217453.shtml",
    "pid": "1217453"
  },
  {
    "brand": "小米",
    "title": "小米8青春版（4GB RAM/全网通） ",
    "price": 1399,
    "score": 6,
    "voteCnt": 18,
    "url": "http://detail.zol.com.cn/cell_phone/index1231048.shtml",
    "pid": "1231048"
  },
  {
    "brand": "小米",
    "title": "小米红米Note 5（3GB RAM/全网通） ",
    "price": 999,
    "score": 5.5,
    "voteCnt": 98,
    "url": "http://detail.zol.com.cn/cell_phone/index1175353.shtml",
    "pid": "1175353"
  },
  {
    "brand": "小米",
    "title": "小米MIX 2s（6GB RAM/全网通） ",
    "price": 2999,
    "score": 5.6,
    "voteCnt": 134,
    "url": "http://detail.zol.com.cn/cell_phone/index1202983.shtml",
    "pid": "1202983"
  },
  {
    "brand": "小米",
    "title": "小米6（6GB RAM/全网通） ",
    "price": 2409,
    "score": 6.2,
    "voteCnt": 526,
    "url": "http://detail.zol.com.cn/cell_phone/index1161066.shtml",
    "pid": "1161066"
  },
  {
    "brand": "小米",
    "title": "小米红米6 Pro（3GB RAM/全网通） ",
    "price": 969,
    "score": 6.1,
    "voteCnt": 21,
    "url": "http://detail.zol.com.cn/cell_phone/index1220665.shtml",
    "pid": "1220665"
  },
  {
    "brand": "小米",
    "title": "小米8透明探索版（全网通） ",
    "price": 3699,
    "score": 5.4,
    "voteCnt": 48,
    "url": "http://detail.zol.com.cn/cell_phone/index1216973.shtml",
    "pid": "1216973"
  },
  {
    "brand": "小米",
    "title": "小米Max 3（4GB RAM/全网通） ",
    "price": 1699,
    "score": 5.1,
    "voteCnt": 66,
    "url": "http://detail.zol.com.cn/cell_phone/index1205304.shtml",
    "pid": "1205304"
  },
  {
    "brand": "小米",
    "title": "小米MIX 2（全网通） ",
    "price": 2299,
    "score": 5.4,
    "voteCnt": 147,
    "url": "http://detail.zol.com.cn/cell_phone/index1160797.shtml",
    "pid": "1160797"
  },
  {
    "brand": "小米",
    "title": "小米Max 2（全网通） ",
    "price": 939,
    "score": 6.2,
    "voteCnt": 119,
    "url": "http://detail.zol.com.cn/cell_phone/index1165765.shtml",
    "pid": "1165765"
  },
  {
    "brand": "小米",
    "title": "小米红米6（3GB RAM/全网通） ",
    "price": 769,
    "score": 5.4,
    "voteCnt": 11,
    "url": "http://detail.zol.com.cn/cell_phone/index1215069.shtml",
    "pid": "1215069"
  },
  {
    "brand": "小米",
    "title": "小米红米5 Plus（3GB RAM/全网通） ",
    "price": 800,
    "score": 5.8,
    "voteCnt": 75,
    "url": "http://detail.zol.com.cn/cell_phone/index1183689.shtml",
    "pid": "1183689"
  },
  {
    "brand": "小米",
    "title": "小米红米Note 5（4GB RAM/全网通） ",
    "price": 1299,
    "score": 5.5,
    "voteCnt": 98,
    "url": "http://detail.zol.com.cn/cell_phone/index1209455.shtml",
    "pid": "1209455"
  },
  {
    "brand": "小米",
    "title": "小米红米Note 4X（3GB RAM/全网通） ",
    "price": 999,
    "score": 5.7,
    "voteCnt": 285,
    "url": "http://detail.zol.com.cn/cell_phone/index1163122.shtml",
    "pid": "1163122"
  },
  {
    "brand": "小米",
    "title": "小米Note 3（6GB RAM/全网通） ",
    "price": 1849,
    "score": 5.8,
    "voteCnt": 92,
    "url": "http://detail.zol.com.cn/cell_phone/index1164780.shtml",
    "pid": "1164780"
  },
  {
    "brand": "小米",
    "title": "小米5X（全网通） ",
    "price": 1129,
    "score": 5.8,
    "voteCnt": 98,
    "url": "http://detail.zol.com.cn/cell_phone/index1175015.shtml",
    "pid": "1175015"
  },
  {
    "brand": "小米",
    "title": "小米红米6A（2GB RAM/全网通） ",
    "price": 549,
    "score": 6.1,
    "voteCnt": 3,
    "url": "http://detail.zol.com.cn/cell_phone/index1216196.shtml",
    "pid": "1216196"
  },
  {
    "brand": "小米",
    "title": "小米6X（6GB RAM/全网通） ",
    "price": 1709,
    "score": 5.3,
    "voteCnt": 106,
    "url": "http://detail.zol.com.cn/cell_phone/index1212271.shtml",
    "pid": "1212271"
  },
  {
    "brand": "小米",
    "title": "小米MIX（全网通） ",
    "price": 2900,
    "score": 5.3,
    "voteCnt": 173,
    "url": "http://detail.zol.com.cn/cell_phone/index1158428.shtml",
    "pid": "1158428"
  },
  {
    "brand": "苹果",
    "title": "苹果iPhone XS（全网通） ",
    "price": 8699,
    "score": 5.5,
    "voteCnt": 51,
    "url": "http://detail.zol.com.cn/cell_phone/index1229519.shtml",
    "pid": "1229519"
  },
  {
    "brand": "苹果",
    "title": "苹果iPhone X（全网通） ",
    "price": 6898,
    "score": 8,
    "voteCnt": 193,
    "url": "http://detail.zol.com.cn/cell_phone/index1182639.shtml",
    "pid": "1182639"
  },
  {
    "brand": "苹果",
    "title": "苹果iPhone XR（全网通） ",
    "price": 6499,
    "score": 4.6,
    "voteCnt": 35,
    "url": "http://detail.zol.com.cn/cell_phone/index1205394.shtml",
    "pid": "1205394"
  },
  {
    "brand": "苹果",
    "title": "苹果iPhone 8 Plus（全网通） ",
    "price": 5468,
    "score": 8.5,
    "voteCnt": 84,
    "url": "http://detail.zol.com.cn/cell_phone/index1182632.shtml",
    "pid": "1182632"
  },
  {
    "brand": "苹果",
    "title": "苹果iPhone XS Max（全网通） ",
    "price": 9599,
    "score": 5.8,
    "voteCnt": 30,
    "url": "http://detail.zol.com.cn/cell_phone/index1229520.shtml",
    "pid": "1229520"
  },
  {
    "brand": "苹果",
    "title": "苹果iPhone 8（全网通） ",
    "price": 4528,
    "score": 6.8,
    "voteCnt": 254,
    "url": "http://detail.zol.com.cn/cell_phone/index394162.shtml",
    "pid": "394162"
  },
  {
    "brand": "苹果",
    "title": "苹果iPhone 7（全网通） ",
    "price": 3628,
    "score": 8,
    "voteCnt": 475,
    "url": "http://detail.zol.com.cn/cell_phone/index384973.shtml",
    "pid": "384973"
  },
  {
    "brand": "苹果",
    "title": "苹果iPhone 7 Plus（全网通） ",
    "price": 4499,
    "score": 8.1,
    "voteCnt": 335,
    "url": "http://detail.zol.com.cn/cell_phone/index1104332.shtml",
    "pid": "1104332"
  },
  {
    "brand": "苹果",
    "title": "苹果iPhone 6S Plus（全网通） ",
    "price": 3000,
    "score": 8,
    "voteCnt": 279,
    "url": "http://detail.zol.com.cn/cell_phone/index398690.shtml",
    "pid": "398690"
  },
  {
    "brand": "苹果",
    "title": "苹果iPhone 5S（双4G） ",
    "price": 1199,
    "score": 8.2,
    "voteCnt": 2964,
    "url": "http://detail.zol.com.cn/cell_phone/index340414.shtml",
    "pid": "340414"
  },
  {
    "brand": "苹果",
    "title": "苹果iPhone 8 Plus（国际版/全网通） ",
    "price": 5188,
    "score": 8.5,
    "voteCnt": 84,
    "url": "http://detail.zol.com.cn/cell_phone/index1204817.shtml",
    "pid": "1204817"
  },
  {
    "brand": "苹果",
    "title": "苹果iPhone 7 Plus（双4G） ",
    "price": 4388,
    "score": 8.1,
    "voteCnt": 335,
    "url": "http://detail.zol.com.cn/cell_phone/index1177080.shtml",
    "pid": "1177080"
  },
  {
    "brand": "苹果",
    "title": "苹果iPhone 8（国际版/全网通） ",
    "price": 4688,
    "score": 6.8,
    "voteCnt": 254,
    "url": "http://detail.zol.com.cn/cell_phone/index1204816.shtml",
    "pid": "1204816"
  },
  {
    "brand": "苹果",
    "title": "苹果iPhone X（国际版/全网通） ",
    "price": 6888,
    "score": 8,
    "voteCnt": 191,
    "url": "http://detail.zol.com.cn/cell_phone/index1204818.shtml",
    "pid": "1204818"
  },
  {
    "brand": "苹果",
    "title": "苹果iPhone 7 Plus（国际版/全网通） ",
    "price": 4749,
    "score": 8.1,
    "voteCnt": 335,
    "url": "http://detail.zol.com.cn/cell_phone/index1155434.shtml",
    "pid": "1155434"
  },
  {
    "brand": "苹果",
    "title": "苹果iPhone 6S（国际版/双4G） ",
    "price": 2320,
    "score": 7.3,
    "voteCnt": 551,
    "url": "http://detail.zol.com.cn/cell_phone/index1100448.shtml",
    "pid": "1100448"
  },
  {
    "brand": "锤子科技",
    "title": "锤子科技坚果Pro 2S（4GB RAM/全网通） ",
    "price": 1798,
    "score": 6.3,
    "voteCnt": 22,
    "url": "http://detail.zol.com.cn/cell_phone/index1227474.shtml",
    "pid": "1227474"
  },
  {
    "brand": "锤子科技",
    "title": "锤子科技坚果R1（6GB RAM/全网通） ",
    "price": 3499,
    "score": 5.1,
    "voteCnt": 64,
    "url": "http://detail.zol.com.cn/cell_phone/index1162957.shtml",
    "pid": "1162957"
  },
  {
    "brand": "锤子科技",
    "title": "锤子科技坚果Pro 2（4GB RAM/全网通） ",
    "price": 1399,
    "score": 7.4,
    "voteCnt": 85,
    "url": "http://detail.zol.com.cn/cell_phone/index1202624.shtml",
    "pid": "1202624"
  },
  {
    "brand": "锤子科技",
    "title": "锤子科技坚果3（全网通） ",
    "price": 1099,
    "score": 5.5,
    "voteCnt": 42,
    "url": "http://detail.zol.com.cn/cell_phone/index1209757.shtml",
    "pid": "1209757"
  },
  {
    "brand": "锤子科技",
    "title": "锤子科技坚果Pro 2S（6GB RAM/全网通） ",
    "price": 1998,
    "score": 6.3,
    "voteCnt": 22,
    "url": "http://detail.zol.com.cn/cell_phone/index1228692.shtml",
    "pid": "1228692"
  },
  {
    "brand": "锤子科技",
    "title": "锤子科技坚果Pro（64GB ROM/全网通） ",
    "price": 1179,
    "score": 7.3,
    "voteCnt": 188,
    "url": "http://detail.zol.com.cn/cell_phone/index1166591.shtml",
    "pid": "1166591"
  },
  {
    "brand": "锤子科技",
    "title": "锤子科技坚果R1（8GB RAM/全网通） ",
    "price": 4499,
    "score": 5.1,
    "voteCnt": 64,
    "url": "http://detail.zol.com.cn/cell_phone/index1214020.shtml",
    "pid": "1214020"
  },
  {
    "brand": "锤子科技",
    "title": "锤子科技坚果Pro 2特别版（全网通） ",
    "price": 1449,
    "score": 7.4,
    "voteCnt": 85,
    "url": "http://detail.zol.com.cn/cell_phone/index1213907.shtml",
    "pid": "1213907"
  },
  {
    "brand": "锤子科技",
    "title": "锤子科技坚果Pro（128GB ROM/全网通） ",
    "price": 1499,
    "score": 7.3,
    "voteCnt": 188,
    "url": "http://detail.zol.com.cn/cell_phone/index1170719.shtml",
    "pid": "1170719"
  },
  {
    "brand": "锤子科技",
    "title": "锤子科技坚果Pro 2（6GB RAM/全网通） ",
    "price": 1949,
    "score": 7.4,
    "voteCnt": 85,
    "url": "http://detail.zol.com.cn/cell_phone/index1202737.shtml",
    "pid": "1202737"
  },
  {
    "brand": "锤子科技",
    "title": "锤子科技M1（全网通） ",
    "price": 1800,
    "score": 8,
    "voteCnt": 148,
    "url": "http://detail.zol.com.cn/cell_phone/index1138532.shtml",
    "pid": "1138532"
  },
  {
    "brand": "锤子科技",
    "title": "锤子科技M1L（高配版/全网通） ",
    "price": 2399,
    "score": 8,
    "voteCnt": 148,
    "url": "http://detail.zol.com.cn/cell_phone/index1157726.shtml",
    "pid": "1157726"
  },
  {
    "brand": "锤子科技",
    "title": "锤子科技坚果Pro（32GB ROM/全网通） ",
    "price": 1099,
    "score": 7.3,
    "voteCnt": 188,
    "url": "http://detail.zol.com.cn/cell_phone/index1170718.shtml",
    "pid": "1170718"
  }
]